Workbook

Sheet 안내
A1: 1,000병상 급성기병원 심폐소생술(CPR) 프로세스 FMEA 워크시트
A3: ■ 시트 구성
A4: · 프로세스: Process/Subprocess 개요 (9개 Process)
A5: · FMEA_일반: 프로세스 1~8 및 9.3 (예방·인지·호출·BLS·ACLS·장비·소통·소생 후 치료·사후 검토)
A6: · FMEA_교육자격: 9.1 교육·자격을 8단계로 세분화한 강화 분석
A7: · FMEA_모의훈련: 9.2 모의훈련을 8단계로 세분화한 강화 분석
A8: · 척도: S/O/D 평가 기준과 우선순위 임계값(수정 가능)
A9: · 요약: 건수·평균 RPN·우선순위 집계(자동 계산)
A11: ■ 사용 방법
A12: 1. 각 FMEA 시트의 노란 칸(S/O/D, 권고 조치, 담당, 목표일, 비고)을 입력·수정합니다. 파란색 글자는 입력값입니다.
A13: 2. RPN(=S×O×D)과 우선순위(높음/중간/낮음)는 자동 계산되며, 임계값은 '척도' 시트에서 바꿀 수 있습니다.
A14: 3. 헤더의 필터를 이용해 우선순위·Process별로 정렬/필터링합니다.
... A23: 심정지 소생 담당 의사, 응급·중환자실·병동 간호사, 약제부, 의공(의료장비), 환자안전·QI, 교육·인사, 시설·전산 담당

Sheet 프로세스
A1: CPR 프로세스 / Subprocess 개요 (1,000병상 급성기병원)
A3: No. | B3: Process | C3: Subprocess | D3: 수록 시트
A4: 1 | B4: 심정지 예방·조기경고 | C4: 1.1 환자 상태 감시 / 1.2 악화 징후 인지·보고 / 1.3 RRT 호출 / 1.4 DNR·치료한계 확인 | D4: FMEA_일반
A5: 2 | B5: 심정지 인지 | C5: 2.1 무반응·무호흡·무맥박 확인 / 2.2 모니터 알람 대응 | D5: FMEA_일반
A6: 3 | B6: 코드 호출·전파 | C6: 3.1 Code Blue 발령 / 3.2 전파 / 3.3 위치 정보 전달 | D6: FMEA_일반
A7: 4 | B7: 초기 소생술(BLS) | C7: 4.1 가슴압박 / 4.2 기도·환기 / 4.3 AED·제세동기 적용 | D7: FMEA_일반
A8: 5 | B8: 전문소생술(ACLS) | C8: 5.1 팀 구성 / 5.2 리듬 분석·제세동 / 5.3 혈관로 확보 / 5.4 약물 투여 / 5.5 전문기도 / 5.6 원인(H&T) 감별 | D8: FMEA_일반
A9: 6 | B9: 장비·약품 관리 | C9: 6.1 응급카트 / 6.2 제세동기·흡인기·산소 / 6.3 접근성 | D9: FMEA_일반
A10: 7 | B10: 의사소통·기록 | C10: 7.1 팀 의사소통 / 7.2 기록 / 7.3 보호자 소통 | D10: FMEA_일반
A11: 8 | B11: 소생 후 치료·이송 | C11: 8.1 ROSC 후 안정화 / 8.2 TTM / 8.3 이송 / 8.4 소생 중단 판단 | D11: FMEA_일반
A12: 9 | B12: 교육·훈련·질 관리 ★강화 | C12: 9.1 교육·자격(8단계) / 9.2 모의훈련(8단계) / 9.3 사후검토·데이터 환류 | D12: FMEA_교육자격, FMEA_모의훈련, FMEA_일반(9.3)

Sheet FMEA_일반
A1: CPR FMEA 워크시트 – 프로세스 1~8, 9.3
A2: ※ S/O/D(파란색 글자·노란 칸)는 일반적 병원 현황을 가정한 '초안 점수'입니다. 반드시 FMEA 팀 합의와 자체 데이터(지표·사건보고)로 재평가하십시오. RPN·우선순위는 자동 계산됩니다.
A4: ID | B4: Process | C4: Subprocess | D4: 세부 단계 | E4: 잠재적 고장 유형 | F4: 잠재적 영향 | G4: 잠재적 원인 | H4: 현재 관리 방법 | I4: S | J4: O | K4: D | L4: RPN | M4: 우선순위 | N4: 권고 조치 | O4: 담당 | P4: 목표일 | Q4: 상태/비고
A5: 1.1.1 | B5: 1 심정지 예방·조기경고 | C5: 1.1 환자 상태 감시 | D5: 활력징후 측정 | E5: 측정 누락·지연 | F5: 악화 조기 발견 실패 → 예방 가능한 심정지 | G5: 간호 인력 부족, 야간·주말 인력 감소, 측정 주기 기준 불명확 | H5: 병동별 측정 주기 규정 | I5: 8 | J5: 5 | K5: 5 | L5: =I5*J5*K5 -> 200 | M5: =IF(OR(L5>=척도!$B$17,AND(I5>=척도!$B$19,L5>=척도!$B$18)),"높음",IF(L5>=척도!$B$18,"중간","낮음")) -> 중간 | N5: 전산 측정 알림·누락 대시보드 도입
A6: 1.1.2 | B6: 1 심정지 예방·조기경고 | C6: 1.1 환자 상태 감시 | D6: 모니터링 적용 | E6: 고위험 환자 텔레메트리 미적용 | F6: 심정지 인지 지연 | G6: 텔레메트리 장비 부족, 적용 기준 부재 | H6: 의사 판단에 의존 | I6: 8 | J6: 5 | K6: 6 | L6: =I6*J6*K6 -> 240 | M6: =IF(OR(L6>=척도!$B$17,AND(I6>=척도!$B$19,L6>=척도!$B$18)),"높음",IF(L6>=척도!$B$18,"중간","낮음")) -> 중간 | N6: 적용 기준(진단·수술 후)과 장비 배분 표준화
A7: 1.2.1 | B7: 1 심정지 예방·조기경고 | C7: 1.2 악화 징후 인지·보고 | D7: 조기경고점수(NEWS 등) 산정 | E7: 점수 미산정·계산 오류 | F7: RRT 호출 기준 놓침 | G7: 수기 계산, 전산 자동산정 미구축, 교육 부족 | H7: 일부 병동 수기 기록 | I7: 8 | J7: 6 | K7: 6 | L7: =I7*J7*K7 -> 288 | M7: =IF(OR(L7>=척도!$B$17,AND(I7>=척도!$B$19,L7>=척도!$B$18)),"높음",IF(L7>=척도!$B$18,"중간","낮음")) -> 중간 | N7: EMR 자동 산정·자동 알림
A8: 1.2.2 | B8: 1 심정지 예방·조기경고 | C8: 1.2 악화 징후 인지·보고 | D8: 보고 | E8: 이상 징후를 인지하고도 보고 안 함 | F8: 치료 지연 | G8: 위계 문화, 의사 호출 부담, 경보 피로 | H8: SBAR 교육 | I8: 8 | J8: 5 | K8: 7 | L8: =I8*J8*K8 -> 280 | M8: =IF(OR(L8>=척도!$B$17,AND(I8>=척도!$B$19,L8>=척도!$B$18)),"높음",IF(L8>=척도!$B$18,"중간","낮음")) -> 중간 | N8: 비난 없는 호출 문화, 에스컬레이션 규칙 명문화
A9: 1.3.1 | B9: 1 심정지 예방·조기경고 | C9: 1.3 RRT 호출 | D9: RRT 호출 | E9: 호출 지연·미호출 | F9: 병동 내 심정지 진행 | G9: 호출 기준 모호, 절차 복잡, 호출 시 책임 우려 | H9: RRT 운영 규정 | I9: 8 | J9: 6 | K9: 5 | L9: =I9*J9*K9 -> 240 | M9: =IF(OR(L9>=척도!$B$17,AND(I9>=척도!$B$19,L9>=척도!$B$18)),"높음",IF(L9>=척도!$B$18,"중간","낮음")) -> 중간 | N9: 단일 번호·자동 호출 기준(NEWS≥기준) 설정
A10: 1.4.1 | B10: 1 심정지 예방·조기경고 | C10: 1.4 DNR·치료한계 확인 | D10: DNR 상태 확인 | E10: DNR 환자에게 CPR 시행 / 비DNR 환자에게 미시행 | F10: 윤리·법적 문제, 환자 의사 위반 | G10: 의무기록·팔찌·전산 표시 불일치, 인수인계 누락 | H10: DNR 서식, 전산 표시 | I10: 9 | J10: 4 | K10: 5 | L10: =I10*J10*K10 -> 180 | M10: =IF(OR(L10>=척도!$B$17,AND(I10>=척도!$B$19,L10>=척도!$B$18)),"높음",IF(L10>=척도!$B$18,"중간","낮음")) -> 낮음 | N10: 전산·팔찌·병상 표지 일원화, 근무 교대 시 확인 항목화
A11: 2.1.1 | B11: 2 심정지 인지 | C11: 2.1 무반응·무호흡·무맥박 확인 | D11: 상태 확인 | E11: 인지 지연 | F11: 가슴압박 시작 지연 | G11: 순회 간격 길음, 1인 근무, 확인 교육 미흡 | H11: BLS 교육 | I11: 10 | J11: 5 | K11: 6 | L11: =I11*J11*K11 -> 300 | M11: =IF(OR(L11>=척도!$B$17,AND(I11>=척도!$B$19,L11>=척도!$B$18)),"높음",IF(L11>=척도!$B$18,"중간","낮음")) -> 높음 | N11: 고위험 환자 순회 주기 강화, 호흡 확인 교육 강화
A12: 2.1.2 | B12: 2 심정지 인지 | C12: 2.1 무반응·무호흡·무맥박 확인 | D12: 호흡 양상 판단 | E12: 비정상 호흡(agonal)을 정상으로 오판 | F12: 가슴압박 시작 지연 | G12: 구분 기준 교육 부족, 맥박 확인에 10초 이상 소요 | H12: BLS 교육 | I12: 9 | J12: 5 | K12: 6 | L12: =I12*J12*K12 -> 270 | M12: =IF(OR(L12>=척도!$B$17,AND(I12>=척도!$B$19,L12>=척도!$B$18)),"높음",IF(L12>=척도!$B$18,"중간","낮음")) -> 중간 | N12: 시뮬레이션에 agonal breathing 시나리오 포함
A13: 2.2.1 | B13: 2 심정지 인지 | C13: 2.2 모니터 알람 대응 | D13: 알람 대응 | E13: 알람 무시·지연 대응 | F13: 심정지 인지 지연 | G13: 경보 피로, 중앙모니터 감시 인력 부재 | H13: 알람 설정 표준 | I13: 9 | J13: 6 | K13: 5 | L13: =I13*J13*K13 -> 270 | M13: =IF(OR(L13>=척도!$B$17,AND(I13>=척도!$B$19,L13>=척도!$B$18)),"높음",IF(L13>=척도!$B$18,"중간","낮음")) -> 중간 | N13: 알람 한계 최적화, 중앙감시 전담 인력
A14: 2.2.2 | B14: 2 심정지 인지 | C14: 2.2 모니터 알람 대응 | D14: 거짓/실제 알람 구분 | E14: 전극 불량 등 거짓 알람으로 판단 → 실제 알람 방치 | F14: 인지 지연 | G14: 전극 부착 불량, 환자 직접 확인 없이 알람 해제 | H14: 없음 | I14: 9 | J14: 4 | K14: 6 | L14: =I14*J14*K14 -> 216 | M14: =IF(OR(L14>=척도!$B$17,AND(I14>=척도!$B$19,L14>=척도!$B$18)),"높음",IF(L14>=척도!$B$18,"중간","낮음")) -> 중간 | N14: 알람 시 환자 직접 확인 원칙 교육
A15: 3.1.1 | B15: 3 코드 호출·전파 | C15: 3.1 Code Blue 발령 | D15: 호출 | E15: 호출 지연 | F15: 팀 도착 지연 | G15: 호출 번호 비통일(별관별 상이), 먼저 의사를 찾느라 지체 | H15: 호출 번호 게시 | I15: 10 | J15: 5 | K15: 5 | L15: =I15*J15*K15 -> 250 | M15: =IF(OR(L15>=척도!$B$17,AND(I15>=척도!$B$19,L15>=척도!$B$18)),"높음",IF(L15>=척도!$B$18,"중간","낮음")) -> 높음 | N15: 전 원내 단일 호출번호·벽면 버튼 설치
A16: 3.1.2 | B16: 3 코드 호출·전파 | C16: 3.1 Code Blue 발령 | D16: 호출 | E16: 호출 불통(내선 장애 등) | F16: 호출 실패 | G16: 전화·내선 장애, 백업 수단 없음 | H16: 없음 | I16: 10 | J16: 3 | K16: 6 | L16: =I16*J16*K16 -> 180 | M16: =IF(OR(L16>=척도!$B$17,AND(I16>=척도!$B$19,L16>=척도!$B$18)),"높음",IF(L16>=척도!$B$18,"중간","낮음")) -> 낮음 | N16: 백업 호출 수단(앱·무선 PHS) 마련
... A63: 9.3.2 | B63: 9 교육·훈련·질 관리 | C63: 9.3 사후 검토·데이터 환류 | D63: 데이터 환류 | E63: 레지스트리·지표 미운영, 개선 환류 부재 | F63: 동일 문제 반복 | G63: 지표 미정의, 경영진 보고 체계 부재 | H63: 없음 | I63: 7 | J63: 7 | K63: 7 | L63: =I63*J63*K63 -> 343 | M63: =IF(OR(L63>=척도!$B$17,AND(I63>=척도!$B$19,L63>=척도!$B$18)),"높음",IF(L63>=척도!$B$18,"중간","낮음")) -> 높음 | N63: 심정지 레지스트리·분기 보고

Sheet FMEA_교육자격
A1: CPR FMEA 워크시트 – 9.1 교육·자격 (강화)
A2: ※ S/O/D(파란색 글자·노란 칸)는 일반적 병원 현황을 가정한 '초안 점수'입니다. 반드시 FMEA 팀 합의와 자체 데이터(지표·사건보고)로 재평가하십시오. RPN·우선순위는 자동 계산됩니다.
A4: ID | B4: Process | C4: Subprocess | D4: 세부 단계 | E4: 잠재적 고장 유형 | F4: 잠재적 영향 | G4: 잠재적 원인 | H4: 현재 관리 방법 | I4: S | J4: O | K4: D | L4: RPN | M4: 우선순위 | N4: 권고 조치 | O4: 담당 | P4: 목표일 | Q4: 상태/비고
A5: 9.1.1 | B5: 9 교육·훈련·질 관리 | C5: 9.1 교육·자격 | D5: 9.1.1 교육 대상 정의 | E5: 대상자 범위 누락(비정규직·타과 의사·지원인력) | F5: 소생 역량 없는 인력이 현장 초기 대응 | G5: 대상 정의 기준 모호, 인사·교육 부서 간 정보 불일치 | H5: 직종별 필수 교육 목록 | I5: 8 | J5: 6 | K5: 6 | L5: =I5*J5*K5 -> 288 | M5: =IF(OR(L5>=척도!$B$17,AND(I5>=척도!$B$19,L5>=척도!$B$18)),"높음",IF(L5>=척도!$B$18,"중간","낮음")) -> 중간 | N5: 직종·부서별 필수 자격 매트릭스 작성, 인사DB 자동 연동
A6: 9.1.2 | B6: 9 교육·훈련·질 관리 | C6: 9.1 교육·자격 | D6: 9.1.1 교육 대상 정의 | E6: 비임상 직원(원무·보안·시설) 교육 제외 | F6: 호출 접수·길 안내·엘리베이터 대응 지연 | G6: 교육 대상을 임상으로 한정 | H6: 없음 | I6: 6 | J6: 7 | K6: 7 | L6: =I6*J6*K6 -> 294 | M6: =IF(OR(L6>=척도!$B$17,AND(I6>=척도!$B$19,L6>=척도!$B$18)),"높음",IF(L6>=척도!$B$18,"중간","낮음")) -> 중간 | N6: 비임상 직원 대상 '코드 블루 대응 요령' 단기 과정
A7: 9.1.3 | B7: 9 교육·훈련·질 관리 | C7: 9.1 교육·자격 | D7: 9.1.2 자격 취득 관리 | E7: 신규 입사자 BLS 미이수 상태로 근무 배치 | F7: 초기 소생 지연·질 저하 | G7: 오리엔테이션 일정 지연, 이수 확인 절차 없음 | H7: 오리엔테이션 일정표 | I7: 9 | J7: 5 | K7: 6 | L7: =I7*J7*K7 -> 270 | M7: =IF(OR(L7>=척도!$B$17,AND(I7>=척도!$B$19,L7>=척도!$B$18)),"높음",IF(L7>=척도!$B$18,"중간","낮음")) -> 중간 | N7: BLS 이수 완료 전 단독 근무 불가 규정, 입사 후 N주 내 이수
A8: 9.1.4 | B8: 9 교육·훈련·질 관리 | C8: 9.1 교육·자격 | D8: 9.1.2 자격 취득 관리 | E8: 교육 정원 부족으로 이수 지연 | F8: 미이수자 누적 | G8: 강사·장소·장비 부족, 연중 일정 제한 | H8: 연간 교육 계획 | I8: 7 | J8: 6 | K8: 5 | L8: =I8*J8*K8 -> 210 | M8: =IF(OR(L8>=척도!$B$17,AND(I8>=척도!$B$19,L8>=척도!$B$18)),"높음",IF(L8>=척도!$B$18,"중간","낮음")) -> 중간 | N8: 교육 정원 확대, 야간·주말 반 신설, 온라인+실습 혼합
A9: 9.1.5 | B9: 9 교육·훈련·질 관리 | C9: 9.1 교육·자격 | D9: 9.1.3 자격 갱신·만료 관리 | E9: 자격 만료자 미인지 | F9: 만료 자격으로 코드팀 배치 | G9: 만료일 수기 관리, 알림 없음 | H9: 수기 엑셀 관리 | I9: 9 | J9: 7 | K9: 7 | L9: =I9*J9*K9 -> 441 | M9: =IF(OR(L9>=척도!$B$17,AND(I9>=척도!$B$19,L9>=척도!$B$18)),"높음",IF(L9>=척도!$B$18,"중간","낮음")) -> 높음 | N9: 만료 90/60/30일 전 자동 알림, 부서장 대시보드
A10: 9.1.6 | B10: 9 교육·훈련·질 관리 | C10: 9.1 교육·자격 | D10: 9.1.3 자격 갱신·만료 관리 | E10: 외부 기관 자격증 진위·유효성 미확인 | F10: 자격 없는 인력 인정 | G10: 자격 증빙 수집 누락 | H10: 사본 제출 | I10: 7 | J10: 5 | K10: 7 | L10: =I10*J10*K10 -> 245 | M10: =IF(OR(L10>=척도!$B$17,AND(I10>=척도!$B$19,L10>=척도!$B$18)),"높음",IF(L10>=척도!$B$18,"중간","낮음")) -> 중간 | N10: 인증기관 번호 조회 절차·원본 확인
A11: 9.1.7 | B11: 9 교육·훈련·질 관리 | C11: 9.1 교육·자격 | D11: 9.1.4 교육과정·강사 질관리 | E11: 강사 자격 미충족 또는 강사 간 편차 | F11: 교육 품질 불균일, 잘못된 술기 학습 | G11: 강사 선발 기준·재인증 부재 | H11: 강사 목록 | I11: 8 | J11: 5 | K11: 7 | L11: =I11*J11*K11 -> 280 | M11: =IF(OR(L11>=척도!$B$17,AND(I11>=척도!$B$19,L11>=척도!$B$18)),"높음",IF(L11>=척도!$B$18,"중간","낮음")) -> 중간 | N11: 강사 인증·정기 재평가, 표준 교안·평가표
A12: 9.1.8 | B12: 9 교육·훈련·질 관리 | C12: 9.1 교육·자격 | D12: 9.1.4 교육과정·강사 질관리 | E12: 최신 가이드라인 미반영 | F12: 구 지침에 따른 처치 | G12: 교육 자료 개정 주기 불명확 | H12: 수시 업데이트 | I12: 8 | J12: 5 | K12: 6 | L12: =I12*J12*K12 -> 240 | M12: =IF(OR(L12>=척도!$B$17,AND(I12>=척도!$B$19,L12>=척도!$B$18)),"높음",IF(L12>=척도!$B$18,"중간","낮음")) -> 중간 | N12: 가이드라인 개정 시 일정 내 교육자료·카트 반영 절차
A13: 9.1.9 | B13: 9 교육·훈련·질 관리 | C13: 9.1 교육·자격 | D13: 9.1.4 교육과정·강사 질관리 | E13: 이론 위주·실기 평가 부족 | F13: 현장 수행 능력 미확인 | G13: 교육 시간 제약, 평가 도구 부재 | H13: 필기 시험 | I13: 8 | J13: 6 | K13: 6 | L13: =I13*J13*K13 -> 288 | M13: =IF(OR(L13>=척도!$B$17,AND(I13>=척도!$B$19,L13>=척도!$B$18)),"높음",IF(L13>=척도!$B$18,"중간","낮음")) -> 중간 | N13: 술기 합격 기준 설정(압박 깊이·속도 등 객관적 지표)
A14: 9.1.10 | B14: 9 교육·훈련·질 관리 | C14: 9.1 교육·자격 | D14: 9.1.5 직종별 역량 인증 | E14: ACLS 인증 없이 코드팀 리더 수행 | F14: 리더십·판단 오류 | G14: 역할별 필수 자격 미정의 | H14: 관행 | I14: 10 | J14: 5 | K14: 7 | L14: =I14*J14*K14 -> 350 | M14: =IF(OR(L14>=척도!$B$17,AND(I14>=척도!$B$19,L14>=척도!$B$18)),"높음",IF(L14>=척도!$B$18,"중간","낮음")) -> 높음 | N14: 코드팀 리더·기도 담당 등 역할별 필수 자격 명시
A15: 9.1.11 | B15: 9 교육·훈련·질 관리 | C15: 9.1 교육·자격 | D15: 9.1.5 직종별 역량 인증 | E15: 전공의·교대 인력의 자격 이수 현황 미파악 | F15: 야간 당직 시 자격 미비 인력 투입 | G15: 수련·인사 부서와 별도 관리 | H15: 없음 | I15: 9 | J15: 6 | K15: 7 | L15: =I15*J15*K15 -> 378 | M15: =IF(OR(L15>=척도!$B$17,AND(I15>=척도!$B$19,L15>=척도!$B$18)),"높음",IF(L15>=척도!$B$18,"중간","낮음")) -> 높음 | N15: 당직표 작성 시 자격 확인 의무화
A16: 9.1.12 | B16: 9 교육·훈련·질 관리 | C16: 9.1 교육·자격 | D16: 9.1.5 직종별 역량 인증 | E16: 기도관리·제세동기 조작 등 특수 술기 역량 미인증 | F16: 장비 조작 오류 | G16: 역량 평가 체계 부재 | H16: 없음 | I16: 9 | J16: 5 | K16: 7 | L16: =I16*J16*K16 -> 315 | M16: =IF(OR(L16>=척도!$B$17,AND(I16>=척도!$B$19,L16>=척도!$B$18)),"높음",IF(L16>=척도!$B$18,"중간","낮음")) -> 높음 | N16: 술기 체크오프 리스트·연 1회 재확인
... A21: 9.1.17 | B21: 9 교육·훈련·질 관리 | C21: 9.1 교육·자격 | D21: 9.1.8 팀 배치 시 자격 확인 | E21: 휴직·퇴사·전배 반영 지연 | F21: 명단이 실제와 불일치 | G21: 인사 변동 통보 지연 | H21: 없음 | I21: 7 | J21: 6 | K21: 6 | L21: =I21*J21*K21 -> 252 | M21: =IF(OR(L21>=척도!$B$17,AND(I21>=척도!$B$19,L21>=척도!$B$18)),"높음",IF(L21>=척도!$B$18,"중간","낮음")) -> 중간 | N21: 인사 변동 시 자격 DB 자동 갱신

Sheet FMEA_모의훈련
A1: CPR FMEA 워크시트 – 9.2 모의훈련 (강화)
A2: ※ S/O/D(파란색 글자·노란 칸)는 일반적 병원 현황을 가정한 '초안 점수'입니다. 반드시 FMEA 팀 합의와 자체 데이터(지표·사건보고)로 재평가하십시오. RPN·우선순위는 자동 계산됩니다.
A4: ID | B4: Process | C4: Subprocess | D4: 세부 단계 | E4: 잠재적 고장 유형 | F4: 잠재적 영향 | G4: 잠재적 원인 | H4: 현재 관리 방법 | I4: S | J4: O | K4: D | L4: RPN | M4: 우선순위 | N4: 권고 조치 | O4: 담당 | P4: 목표일 | Q4: 상태/비고
A5: 9.2.1 | B5: 9 교육·훈련·질 관리 | C5: 9.2 모의훈련 | D5: 9.2.1 훈련 계획 수립 | E5: 연간 계획 부재·형식적 수립 | F5: 훈련이 불규칙·소수에 한정 | G5: 담당 부서 불명확, 예산·인력 부족 | H5: 없음 | I5: 7 | J5: 6 | K5: 6 | L5: =I5*J5*K5 -> 252 | M5: =IF(OR(L5>=척도!$B$17,AND(I5>=척도!$B$19,L5>=척도!$B$18)),"높음",IF(L5>=척도!$B$18,"중간","낮음")) -> 중간 | N5: CPR 위원회 주관 연간 훈련 계획, 예산 확보
A6: 9.2.2 | B6: 9 교육·훈련·질 관리 | C6: 9.2 모의훈련 | D6: 9.2.1 훈련 계획 수립 | E6: 고위험 구역·시간대 누락 | F6: 취약 구역 미개선 | G6: 위험도 기반 선정 부재 | H6: 특정 병동 위주 | I6: 8 | J6: 6 | K6: 7 | L6: =I6*J6*K6 -> 336 | M6: =IF(OR(L6>=척도!$B$17,AND(I6>=척도!$B$19,L6>=척도!$B$18)),"높음",IF(L6>=척도!$B$18,"중간","낮음")) -> 높음 | N6: 사건·FMEA 결과 기반 우선순위 구역 선정
A7: 9.2.3 | B7: 9 교육·훈련·질 관리 | C7: 9.2 모의훈련 | D7: 9.2.2 시나리오 설계 | E7: 시나리오가 단순(무대 시연 수준) | F7: 실제 복합 상황 대응 능력 미확인 | G7: 시나리오 표준화 부재, 설계 전문성 부족 | H7: 기본 시나리오 | I7: 7 | J7: 6 | K7: 6 | L7: =I7*J7*K7 -> 252 | M7: =IF(OR(L7>=척도!$B$17,AND(I7>=척도!$B$19,L7>=척도!$B$18)),"높음",IF(L7>=척도!$B$18,"중간","낮음")) -> 중간 | N7: 원내 사건 사례 기반 시나리오 라이브러리(VF, PEA, 질식, 약물, 소아 등)
A8: 9.2.4 | B8: 9 교육·훈련·질 관리 | C8: 9.2 모의훈련 | D8: 9.2.2 시나리오 설계 | E8: 실제 장애 요인 미반영(호출 불통, 장비 고장, 인력 부족) | F8: 시스템 취약점 미발견 | G8: 정상 조건만 가정 | H8: 없음 | I8: 8 | J8: 6 | K8: 7 | L8: =I8*J8*K8 -> 336 | M8: =IF(OR(L8>=척도!$B$17,AND(I8>=척도!$B$19,L8>=척도!$B$18)),"높음",IF(L8>=척도!$B$18,"중간","낮음")) -> 높음 | N8: 장비 고장·통신 장애 등 변수 삽입(inject)
A9: 9.2.5 | B9: 9 교육·훈련·질 관리 | C9: 9.2 모의훈련 | D9: 9.2.3 훈련 시행 | E9: 교육실 중심 훈련만 시행(현장 in-situ 훈련 부족) | F9: 병동 환경 문제(침대·공간·장비 위치) 미파악 | G9: 환자 안전·운영 부담, 계획 부재 | H9: 교육실 훈련 | I9: 8 | J9: 7 | K9: 7 | L9: =I9*J9*K9 -> 392 | M9: =IF(OR(L9>=척도!$B$17,AND(I9>=척도!$B$19,L9>=척도!$B$18)),"높음",IF(L9>=척도!$B$18,"중간","낮음")) -> 높음 | N9: 병동 in-situ 훈련 분기 1회 이상
A10: 9.2.6 | B10: 9 교육·훈련·질 관리 | C10: 9.2 모의훈련 | D10: 9.2.3 훈련 시행 | E10: 야간·주말 훈련 미시행 | F10: 취약 시간대 문제 미파악 | G10: 참여 인력 확보 곤란 | H10: 주간 위주 | I10: 8 | J10: 7 | K10: 7 | L10: =I10*J10*K10 -> 392 | M10: =IF(OR(L10>=척도!$B$17,AND(I10>=척도!$B$19,L10>=척도!$B$18)),"높음",IF(L10>=척도!$B$18,"중간","낮음")) -> 높음 | N10: 야간·주말 불시 훈련 편성
A11: 9.2.7 | B11: 9 교육·훈련·질 관리 | C11: 9.2 모의훈련 | D11: 9.2.3 훈련 시행 | E11: 불시(unannounced) 훈련 부재 | F11: 준비된 상태에서만 검증 | G11: 사전 공지 관행, 반발 우려 | H11: 사전 공지 훈련 | I11: 7 | J11: 7 | K11: 6 | L11: =I11*J11*K11 -> 294 | M11: =IF(OR(L11>=척도!$B$17,AND(I11>=척도!$B$19,L11>=척도!$B$18)),"높음",IF(L11>=척도!$B$18,"중간","낮음")) -> 중간 | N11: 불시 훈련 지침 마련·경영진 승인
A12: 9.2.8 | B12: 9 교육·훈련·질 관리 | C12: 9.2 모의훈련 | D12: 9.2.3 훈련 시행 | E12: 훈련 시 실제 환자 안전·혼란 유발 | F12: 환자 불안·업무 방해 | G12: 공지·격리 미흡, 장비 혼입 | H12: 훈련 표지 | I12: 6 | J12: 3 | K12: 4 | L12: =I12*J12*K12 -> 72 | M12: =IF(OR(L12>=척도!$B$17,AND(I12>=척도!$B$19,L12>=척도!$B$18)),"높음",IF(L12>=척도!$B$18,"중간","낮음")) -> 낮음 | N12: 훈련 장비 구분 표시, 구역 사전 공지
A13: 9.2.9 | B13: 9 교육·훈련·질 관리 | C13: 9.2 모의훈련 | D13: 9.2.4 참여 관리 | E13: 핵심 인력(전공의·마취·약사·기도팀) 불참 | F13: 다직종 협업 문제 미파악 | G13: 근무 일정 충돌, 참여 의무 없음 | H13: 자율 참여 | I13: 8 | J13: 7 | K13: 6 | L13: =I13*J13*K13 -> 336 | M13: =IF(OR(L13>=척도!$B$17,AND(I13>=척도!$B$19,L13>=척도!$B$18)),"높음",IF(L13>=척도!$B$18,"중간","낮음")) -> 높음 | N13: 직종별 참여 의무화·참여율 지표
A14: 9.2.10 | B14: 9 교육·훈련·질 관리 | C14: 9.2 모의훈련 | D14: 9.2.4 참여 관리 | E14: 동일 인원만 반복 참여 | F14: 신규·야간 인력 경험 부족 | G14: 참여자 선정 방식 고정 | H14: 없음 | I14: 7 | J14: 6 | K14: 7 | L14: =I14*J14*K14 -> 294 | M14: =IF(OR(L14>=척도!$B$17,AND(I14>=척도!$B$19,L14>=척도!$B$18)),"높음",IF(L14>=척도!$B$18,"중간","낮음")) -> 중간 | N14: 참여 이력 관리 및 순환 배정
A15: 9.2.11 | B15: 9 교육·훈련·질 관리 | C15: 9.2 모의훈련 | D15: 9.2.5 평가·측정 | E15: 객관적 평가 지표 미사용 | F15: 개선 점 불명확 | G15: 체크리스트·측정 도구 부재 | H15: 관찰자 주관 평가 | I15: 8 | J15: 7 | K15: 7 | L15: =I15*J15*K15 -> 392 | M15: =IF(OR(L15>=척도!$B$17,AND(I15>=척도!$B$19,L15>=척도!$B$18)),"높음",IF(L15>=척도!$B$18,"중간","낮음")) -> 높음 | N15: 호출~도착, 첫 압박, 첫 제세동 시간 측정, CPR 피드백 기기
A16: 9.2.12 | B16: 9 교육·훈련·질 관리 | C16: 9.2 모의훈련 | D16: 9.2.5 평가·측정 | E16: 평가자 교육 부족, 평가 편차 | F16: 결과 신뢰도 저하 | G16: 평가자 표준화 부재 | H16: 없음 | I16: 7 | J16: 6 | K16: 7 | L16: =I16*J16*K16 -> 294 | M16: =IF(OR(L16>=척도!$B$17,AND(I16>=척도!$B$19,L16>=척도!$B$18)),"높음",IF(L16>=척도!$B$18,"중간","낮음")) -> 중간 | N16: 평가자 교육·공통 평가표
... A22: 9.2.18 | B22: 9 교육·훈련·질 관리 | C22: 9.2 모의훈련 | D22: 9.2.8 시스템 환경 점검 | E22: 응급카트·제세동기 위치·상태 훈련 중 미점검 | F22: 장비 문제 미발견 | G22: 훈련이 인력 술기 위주 | H22: 없음 | I22: 8 | J22: 6 | K22: 7 | L22: =I22*J22*K22 -> 336 | M22: =IF(OR(L22>=척도!$B$17,AND(I22>=척도!$B$19,L22>=척도!$B$18)),"높음",IF(L22>=척도!$B$18,"중간","낮음")) -> 높음 | N22: 훈련 시 장비 점검 항목 포함

Sheet 요약
A1: FMEA 요약 (자동 계산)
A3: 시트 | B3: 항목 수 | C3: 높음 | D3: 중간 | E3: 낮음 | F3: 평균 RPN | G3: 최대 RPN
A4: FMEA_일반 | B4: =COUNTA('FMEA_일반'!A5:A63) -> 59 | C4: =COUNTIF('FMEA_일반'!M5:M63,"높음") -> 17 | D4: =COUNTIF('FMEA_일반'!M5:M63,"중간") -> 35 | E4: =COUNTIF('FMEA_일반'!M5:M63,"낮음") -> 7 | F4: =AVERAGE('FMEA_일반'!L5:L63) -> 252.83051 | G4: =MAX('FMEA_일반'!L5:L63) -> 378
A5: FMEA_교육자격 | B5: =COUNTA('FMEA_교육자격'!A5:A21) -> 17 | C5: =COUNTIF('FMEA_교육자격'!M5:M21,"높음") -> 6 | D5: =COUNTIF('FMEA_교육자격'!M5:M21,"중간") -> 11 | E5: =COUNTIF('FMEA_교육자격'!M5:M21,"낮음") -> 0 | F5: =AVERAGE('FMEA_교육자격'!L5:L21) -> 301.88235 | G5: =MAX('FMEA_교육자격'!L5:L21) -> 441
A6: FMEA_모의훈련 | B6: =COUNTA('FMEA_모의훈련'!A5:A22) -> 18 | C6: =COUNTIF('FMEA_모의훈련'!M5:M22,"높음") -> 10 | D6: =COUNTIF('FMEA_모의훈련'!M5:M22,"중간") -> 7 | E6: =COUNTIF('FMEA_모의훈련'!M5:M22,"낮음") -> 1 | F6: =AVERAGE('FMEA_모의훈련'!L5:L22) -> 312.77778 | G6: =MAX('FMEA_모의훈련'!L5:L22) -> 392
A7: 합계 | B7: =SUM(B4:B6) -> 94 | C7: =SUM(C4:C6) -> 33 | D7: =SUM(D4:D6) -> 53 | E7: =SUM(E4:E6) -> 8
A9: 프로세스별 평균 RPN (FMEA_일반)
A10: Process | B10: 항목 수 | C10: 평균 RPN | D10: 높음 건수
A11: 1 심정지 예방·조기경고 | B11: =COUNTIF('FMEA_일반'!$B$5:$B$63,A11) -> 6 | C11: =AVERAGEIF('FMEA_일반'!$B$5:$B$63,A11,'FMEA_일반'!$L$5:$L$63) -> 238 | D11: =COUNTIFS('FMEA_일반'!$B$5:$B$63,A11,'FMEA_일반'!$M$5:$M$63,"높음") -> 0
A12: 2 심정지 인지 | B12: =COUNTIF('FMEA_일반'!$B$5:$B$63,A12) -> 4 | C12: =AVERAGEIF('FMEA_일반'!$B$5:$B$63,A12,'FMEA_일반'!$L$5:$L$63) -> 264 | D12: =COUNTIFS('FMEA_일반'!$B$5:$B$63,A12,'FMEA_일반'!$M$5:$M$63,"높음") -> 1
A13: 3 코드 호출·전파 | B13: =COUNTIF('FMEA_일반'!$B$5:$B$63,A13) -> 6 | C13: =AVERAGEIF('FMEA_일반'!$B$5:$B$63,A13,'FMEA_일반'!$L$5:$L$63) -> 223.33333 | D13: =COUNTIFS('FMEA_일반'!$B$5:$B$63,A13,'FMEA_일반'!$M$5:$M$63,"높음") -> 1
A14: 4 초기 소생술(BLS) | B14: =COUNTIF('FMEA_일반'!$B$5:$B$63,A14) -> 10 | C14: =AVERAGEIF('FMEA_일반'!$B$5:$B$63,A14,'FMEA_일반'!$L$5:$L$63) -> 263.4 | D14: =COUNTIFS('FMEA_일반'!$B$5:$B$63,A14,'FMEA_일반'!$M$5:$M$63,"높음") -> 5
A15: 5 전문소생술(ACLS) | B15: =COUNTIF('FMEA_일반'!$B$5:$B$63,A15) -> 13 | C15: =AVERAGEIF('FMEA_일반'!$B$5:$B$63,A15,'FMEA_일반'!$L$5:$L$63) -> 256.76923 | D15: =COUNTIFS('FMEA_일반'!$B$5:$B$63,A15,'FMEA_일반'!$M$5:$M$63,"높음") -> 5
A16: 6 장비·약품 관리 | B16: =COUNTIF('FMEA_일반'!$B$5:$B$63,A16) -> 7 | C16: =AVERAGEIF('FMEA_일반'!$B$5:$B$63,A16,'FMEA_일반'!$L$5:$L$63) -> 226.57143 | D16: =COUNTIFS('FMEA_일반'!$B$5:$B$63,A16,'FMEA_일반'!$M$5:$M$63,"높음") -> 1
A17: 7 의사소통·기록 | B17: =COUNTIF('FMEA_일반'!$B$5:$B$63,A17) -> 5 | C17: =AVERAGEIF('FMEA_일반'!$B$5:$B$63,A17,'FMEA_일반'!$L$5:$L$63) -> 244.8 | D17: =COUNTIFS('FMEA_일반'!$B$5:$B$63,A17,'FMEA_일반'!$M$5:$M$63,"높음") -> 1
A18: 8 소생 후 치료·이송 | B18: =COUNTIF('FMEA_일반'!$B$5:$B$63,A18) -> 6 | C18: =AVERAGEIF('FMEA_일반'!$B$5:$B$63,A18,'FMEA_일반'!$L$5:$L$63) -> 272 | D18: =COUNTIFS('FMEA_일반'!$B$5:$B$63,A18,'FMEA_일반'!$M$5:$M$63,"높음") -> 1
A19: 9 교육·훈련·질 관리 | B19: =COUNTIF('FMEA_일반'!$B$5:$B$63,A19) -> 2 | C19: =AVERAGEIF('FMEA_일반'!$B$5:$B$63,A19,'FMEA_일반'!$L$5:$L$63) -> 339.5 | D19: =COUNTIFS('FMEA_일반'!$B$5:$B$63,A19,'FMEA_일반'!$M$5:$M$63,"높음") -> 2
A21: 9.1 교육·자격 세부 단계별 평균 RPN
A22: 세부 단계 | B22: 항목 수 | C22: 평균 RPN
A23: 9.1.1 교육 대상 정의 | B23: =COUNTIF('FMEA_교육자격'!$D$5:$D$21,A23) -> 2 | C23: =AVERAGEIF('FMEA_교육자격'!$D$5:$D$21,A23,'FMEA_교육자격'!$L$5:$L$21) -> 291
A24: 9.1.2 자격 취득 관리 | B24: =COUNTIF('FMEA_교육자격'!$D$5:$D$21,A24) -> 2 | C24: =AVERAGEIF('FMEA_교육자격'!$D$5:$D$21,A24,'FMEA_교육자격'!$L$5:$L$21) -> 240
A25: 9.1.3 자격 갱신·만료 관리 | B25: =COUNTIF('FMEA_교육자격'!$D$5:$D$21,A25) -> 2 | C25: =AVERAGEIF('FMEA_교육자격'!$D$5:$D$21,A25,'FMEA_교육자격'!$L$5:$L$21) -> 343
A26: 9.1.4 교육과정·강사 질관리 | B26: =COUNTIF('FMEA_교육자격'!$D$5:$D$21,A26) -> 3 | C26: =AVERAGEIF('FMEA_교육자격'!$D$5:$D$21,A26,'FMEA_교육자격'!$L$5:$L$21) -> 269.33333
A27: 9.1.5 직종별 역량 인증 | B27: =COUNTIF('FMEA_교육자격'!$D$5:$D$21,A27) -> 3 | C27: =AVERAGEIF('FMEA_교육자격'!$D$5:$D$21,A27,'FMEA_교육자격'!$L$5:$L$21) -> 347.66667
A28: 9.1.6 소아·특수 환자 교육 | B28: =COUNTIF('FMEA_교육자격'!$D$5:$D$21,A28) -> 1 | C28: =AVERAGEIF('FMEA_교육자격'!$D$5:$D$21,A28,'FMEA_교육자격'!$L$5:$L$21) -> 315
A29: 9.1.7 교육 기록·전산 관리 | B29: =COUNTIF('FMEA_교육자격'!$D$5:$D$21,A29) -> 2 | C29: =AVERAGEIF('FMEA_교육자격'!$D$5:$D$21,A29,'FMEA_교육자격'!$L$5:$L$21) -> 294
A30: 9.1.8 팀 배치 시 자격 확인 | B30: =COUNTIF('FMEA_교육자격'!$D$5:$D$21,A30) -> 2 | C30: =AVERAGEIF('FMEA_교육자격'!$D$5:$D$21,A30,'FMEA_교육자격'!$L$5:$L$21) -> 315
A32: 9.2 모의훈련 세부 단계별 평균 RPN
A33: 세부 단계 | B33: 항목 수 | C33: 평균 RPN
A34: 9.2.1 훈련 계획 수립 | B34: =COUNTIF('FMEA_모의훈련'!$D$5:$D$22,A34) -> 2 | C34: =AVERAGEIF('FMEA_모의훈련'!$D$5:$D$22,A34,'FMEA_모의훈련'!$L$5:$L$22) -> 294
A35: 9.2.2 시나리오 설계 | B35: =COUNTIF('FMEA_모의훈련'!$D$5:$D$22,A35) -> 2 | C35: =AVERAGEIF('FMEA_모의훈련'!$D$5:$D$22,A35,'FMEA_모의훈련'!$L$5:$L$22) -> 294
A36: 9.2.3 훈련 시행 | B36: =COUNTIF('FMEA_모의훈련'!$D$5:$D$22,A36) -> 4 | C36: =AVERAGEIF('FMEA_모의훈련'!$D$5:$D$22,A36,'FMEA_모의훈련'!$L$5:$L$22) -> 287.5
A37: 9.2.4 참여 관리 | B37: =COUNTIF('FMEA_모의훈련'!$D$5:$D$22,A37) -> 2 | C37: =AVERAGEIF('FMEA_모의훈련'!$D$5:$D$22,A37,'FMEA_모의훈련'!$L$5:$L$22) -> 315
A38: 9.2.5 평가·측정 | B38: =COUNTIF('FMEA_모의훈련'!$D$5:$D$22,A38) -> 3 | C38: =AVERAGEIF('FMEA_모의훈련'!$D$5:$D$22,A38,'FMEA_모의훈련'!$L$5:$L$22) -> 310.33333
A39: 9.2.6 훈련 후 디브리핑 | B39: =COUNTIF('FMEA_모의훈련'!$D$5:$D$22,A39) -> 1 | C39: =AVERAGEIF('FMEA_모의훈련'!$D$5:$D$22,A39,'FMEA_모의훈련'!$L$5:$L$22) -> 343
A40: 9.2.7 개선 조치 추적 | B40: =COUNTIF('FMEA_모의훈련'!$D$5:$D$22,A40) -> 2 | C40: =AVERAGEIF('FMEA_모의훈련'!$D$5:$D$22,A40,'FMEA_모의훈련'!$L$5:$L$22) -> 343
A41: 9.2.8 시스템 환경 점검 | B41: =COUNTIF('FMEA_모의훈련'!$D$5:$D$22,A41) -> 2 | C41: =AVERAGEIF('FMEA_모의훈련'!$D$5:$D$22,A41,'FMEA_모의훈련'!$L$5:$L$22) -> 357

Sheet 척도
A1: 평가 척도 및 우선순위 기준
A3: 점수 | B3: 심각도(S) – 환자 영향 | C3: 발생도(O) – 발생 가능성 | D3: 검출도(D) – 사전 검출 가능성
A4: 10 | B4: 사망·영구적 중증 손상, 소생 기회 상실 | C4: 거의 매번(주 1회 이상) 또는 통제 없음 | D4: 검출 수단 전혀 없음
A5: 9 | B5: 중증 영구 손상 위험 / 법적·규제 중대 위반 | C5: 매우 빈번(월 수회) | D5: 검출 거의 불가능(사후에만 확인)
A6: 8 | B6: 소생 성공률(ROSC·생존퇴원) 유의하게 저하 | C6: 빈번(월 1회) | D6: 검출 가능성 매우 낮음
A7: 7 | B7: 소생 지연·품질 저하로 신경학적 예후 악화 가능 | C7: 상당히 빈번(분기 1~2회) | D7: 검출 가능성 낮음
A8: 6 | B8: 치료 지연 있으나 회복 가능 | C8: 가끔(분기 1회) | D8: 정기 감사로만 검출
A9: 5 | B9: 경미~중등도 지연, 추가 처치 필요 | C9: 드묾(반기 1회) | D9: 샘플링 감사로 검출
A10: 4 | B10: 경미한 지연, 환자 영향 미미 | C10: 매우 드묾(연 1회) | D10: 체크리스트·정기 점검으로 검출
A11: 3 | B11: 영향 거의 없음 | C11: 연 1회 미만 | D11: 상시 점검·전산 경고로 대부분 검출
A12: 2 | B12: 무시 가능 | C12: 거의 발생 안 함 | D12: 자동 차단·경고로 거의 확실히 검출
A13: 1 | B13: 영향 없음 | C13: 발생 가능성 극히 낮음 | D13: 오류 방지(Poka-yoke)로 발생 자체 차단
A16: 우선순위 임계값 (수정 가능)
A17: RPN 높음 기준 (≥) | B17: 300
A18: RPN 중간 기준 (≥) | B18: 200
A19: 심각도 상향 기준 (S ≥, RPN 중간 이상일 때) | B19: 10
A20: ※ 위 임계값과 점수 구간은 일반적 FMEA 관행을 참고한 초안이며, 병원 환자안전위원회 합의로 조정하십시오. RPN = S × O × D, S가 즉시조치 기준 이상이면서 RPN이 '중간' 기준 이상이면 '높음'으로 상향.
